{"cameraMode":{"drawMode":0,"name":"Shaded","section":"Shading Mode"},"sceneLighting":true,"audioPlay":false,"sceneViewState":{"m_AlwaysRefresh":false,"showFog":true,"showSkybox":true,"showFlares":true,"showImageEffects":true,"showParticleSystems":true,"showVisualEffectGraphs":true,"m_FxEnabled":true},"in2DMode":false,"pivot":{"x":-2.427440881729126,"y":-14.006741523742676,"z":62.5949821472168},"rotation":{"x":-0.14019551873207093,"y":0.022265980020165445,"z":-0.0032245488837361337,"w":-0.9898996949195862},"size":43.17436981201172,"orthographic":false}